{
  "ar": {
    "pvalue": 0.1052659743984979,
    "stat": 6.134082073662415
  },
  "beta_true": 1.1,
  "clr": {
    "pvalue": 0.6259310162831764,
    "stat": 0.24257945961379868
  },
  "fuller": {
    "beta": 1.192600544361309,
    "se": 0.09139240425378317
  },
  "k_instr": 3,
  "liml": {
    "beta": 1.1866893148809712,
    "se": 0.09252829515565689
  },
  "lm": {
    "pvalue": 0.6510352811840654,
    "stat": 0.2045973871900945
  },
  "nobs": 120,
  "tsls": {
    "beta": 1.1866893148809712,
    "se": 0.09332254401659766
  }
}